file_name,sample_rate,nominal_speed,running_speed_true,pred_rf,pred_mlp,pred_catboost,pred_xgboost,pred_cnn,pred_stack,residual_stack
6413d13df6342e75,6679.5083,1485.0,1484.76,1515.7899,1345.3505,1700.0652,1493.4291,40.708088,1626.3291666224195,141.5691568567945
e7b0ddb91004d5fa,6658.299,1485.0,1482.06,1526.1166,1065.4841,1670.202,1496.5741,35.577633,1601.0303635667954,118.97030497304536
b039fccf3df23a75,6689.33,1485.0,1485.79,1599.3866,2680.2551,1546.0089,1668.3811,71.36399,1526.2209696005489,40.43093053804887
ee81b273100f2844,6660.7773,1485.0,1482.83,1505.6989,1798.8387,1421.172,1488.4808,67.55134,1383.489285148901,-99.34067090578651
a1542134996bbee9,6646.4277,1485.0,1485.61,1449.9517,1736.1843,1441.7743,1481.1736,41.95592,1399.9586640309574,-85.65132132060512
39934f383382a6c8,6632.959,1485.0,1484.29,1481.3254,1346.8173,1504.0835,1487.2511,50.970333,1455.165288782632,-29.124750279868067
558ca6c475d1e458,6633.123,1485.0,1482.95,1495.6432,1529.2703,1577.31,1487.4685,35.161457,1518.7184442003527,35.76849302847768
0b3907f2e9b9e458,6631.1562,1485.0,1482.75,1487.4216,1144.9082,1484.748,1482.9412,50.629025,1437.5695952834212,-45.18040471657878
fdb4b7ff76bf8544,6634.2705,1485.0,1483.56,1484.7437,877.8466,1474.0647,1452.9241,74.48552,1422.5543237096024,-61.005734884147614
13d592c5ba8f4a1e,6634.2705,1485.0,1483.44,1443.5616,798.72205,1533.9052,1479.1735,45.46755,1479.4833303459357,-3.9566110603143443
f4894e0e69457dab,6666.0713,1485.0,1484.19,1483.9594,1174.9451,1513.5137,1483.5858,66.82777,1462.6423264583414,-21.54761494790864
60d0753dcbde6f81,6661.7695,1485.0,1484.17,1495.0684,1209.0748,1518.9801,1488.7063,42.688904,1468.3642665241011,-15.80577742121136
394314abdaf20e1e,6822.294,1485.0,0.0,289.95944,195.52898,475.17416,345.21246,3.1231394,344.0232399711111,344.0232399711111
d4051dd58fa312f9,6690.998,1485.0,1483.66,1487.7952,1758.3757,1517.2869,1487.1963,56.494633,1466.6064546334421,-17.053579546245373
593f2d6133fbc305,6702.192,1485.0,1484.12,1489.0107,1667.6625,1467.577,1485.7773,56.870506,1423.219898050967,-60.900097066220496
2120ea0c20aa58cb,6700.686,1485.0,1487.02,1491.0962,1571.7367,1547.0497,1485.7941,61.87833,1492.1520334107445,5.13201387949448
1c042eb6d7871e96,6696.0054,1485.0,1483.02,1485.5326,1785.0676,1476.7881,1482.9175,61.73031,1430.6611552107388,-52.3588643205112
19c30fff7f859ae8,6685.3315,1485.0,1485.67,1479.9493,1292.6746,1454.5956,1486.2759,42.244244,1412.0562016930687,-73.61384225224378
4fa7610577d3901b,6690.664,1485.0,1485.29,1484.601,1471.4752,1500.9397,1484.9789,53.84196,1452.0033743789738,-33.28666468352617
79296a055c3fef2d,6692.3325,1485.0,1484.3,1485.1831,1837.897,1477.5809,1486.2189,77.13014,1431.9811428314838,-52.318905996641206
73eccba370e28c4f,6783.327,1490.0,1490.63,1207.719,1763.0079,1516.9054,1516.0883,64.604546,1471.8093893848861,-18.820615497926383
6e818214dd134013,6772.715,1490.0,1490.02,1635.5323,1759.1798,1593.537,1547.8585,154.51315,1544.359270299897,54.339250768646934
a550d84cc94fd9d0,6781.442,1490.0,1492.19,1440.3038,1402.2019,1461.8041,1497.3589,106.11625,1420.4311116834697,-71.75882972278032
80a33ec285138e2a,6790.0195,1490.0,0.0,1510.5013,2313.0137,1616.3076,1521.8998,35.395775,1559.136914228768,1559.136914228768
723b70a134feadfb,6761.114,1490.0,1490.3,1424.9784,1673.4172,1493.8658,1490.057,94.82391,1446.8406512256622,-43.459397602462786
5f838824e2d1f5a7,6759.0703,1490.0,1489.88,1495.7065,1477.1848,1563.6862,1488.6456,101.40012,1507.1274999812133,17.247495098400805
89c90a8f2baf099e,6758.56,1490.0,1489.9,1500.2288,1516.5732,1607.2512,1516.0609,101.09405,1550.1636980973237,60.26367368326123
31952ac951c34436,6762.306,1490.0,1491.2,1487.2327,1475.0658,1485.5278,1489.5688,187.76244,1439.5153526883794,-51.68459848349562
cfdf8d6aa4330ec0,6750.91,1490.0,1492.06,1558.7158,1540.3744,1703.4497,1534.266,100.31012,1637.0863178947689,145.02625930101885
793fa669f3b6774f,6779.386,1490.0,1492.57,1343.9386,2017.6893,1749.5887,1469.5956,150.0007,1664.7174563957642,172.1475101067017
89940254577c504d,6776.4766,1490.0,1490.37,1394.8109,1776.948,1533.0748,1518.1117,40.173264,1486.2211636781112,-4.148831439076275
9e686a8ddddc0213,6621.1777,1487.0,0.0,429.6847,556.39655,832.51263,362.6895,9.065849,657.3006752205341,657.3006752205341
c44940e6fd30a46e,6577.53,1487.0,926.47,816.38116,1106.5425,978.48645,808.7121,33.44849,869.3364799928863,-57.133490710238675
ef73005a7f1bcf29,6576.2407,1487.0,1071.42,989.3144,971.83734,1260.9222,1035.9525,5.690972,1157.8254750063481,86.40543106103564
8749a67b2a7b2e1e,6611.0664,1487.0,0.0,725.5815,1381.4554,1098.4122,611.69794,6.801017,935.6166646503741,935.6166646503741
9cd4b13d0e11594a,6819.174,982.0,519.34,519.17316,696.9352,691.82043,904.3942,71.18262,639.0291394344765,119.68911257900777
56a40a158c0f6504,6819.867,982.0,361.27,540.0801,667.89734,813.6447,533.23175,100.726746,673.6006213929652,312.3306323792933
a9ea71c351cf0fda,6803.0996,982.0,359.35,843.71326,304.56964,872.1491,702.01575,129.67154,756.6710499113083,397.32104380779265
769182546ee689ff,6818.3076,1483.0,1496.9,1422.0906,1817.731,1606.3503,1268.8785,63.62247,1502.0385084226923,5.138484008629803
3fb8d22ab9a7221b,6812.078,1483.0,1500.09,1475.1157,1379.3589,1501.0712,1517.3893,37.930786,1458.3250958580886,-41.764869962223884
79e7bae9f151796a,6810.868,1483.0,1499.59,1493.749,1503.3583,1535.4434,1437.5509,59.13022,1472.8453270234943,-26.744638796818208
468f52fa9f2329d2,6812.424,1483.0,1497.98,1491.5009,1310.6495,1515.2163,1492.5074,48.606472,1465.8278682485754,-32.15211222017456
e4101127a5f9a394,6816.4033,1483.0,1498.84,1384.7147,1916.4666,1402.7328,990.84174,44.809326,1272.1816134627707,-226.65835235754184
e711637dfcf9a024,6838.285,1483.0,1499.88,1462.2869,1117.6564,1528.1692,1515.6917,40.03115,1481.502839871828,-18.377165010984527
a89d4245be424fd0,6832.193,1483.0,1499.27,1339.559,736.16833,1424.1055,1477.6846,18.296747,1383.9657180676525,-115.30430146359754
869e23749708421d,6845.7847,1483.0,1497.85,1489.4043,965.1506,1468.0862,1442.7194,41.01758,1415.4144348731265,-82.43554071281096
ceeca7a094b65961,6838.8076,1483.0,1499.79,1480.7639,1616.5544,1491.1846,1491.4884,58.9155,1444.78926552421,-55.000773538290105
c4a5d8acac87a12c,6841.7715,1483.0,1498.11,1497.9502,1712.8517,1535.1605,1499.3187,69.93821,1484.4306531402196,-13.679332211342853
40353e2530e9afc1,6823.161,1483.0,1498.56,1483.2488,1431.7922,1450.7216,1512.5818,60.717354,1413.7346252837303,-84.82543331001966
1b66c776ebcefe53,6787.1006,2925.0,2878.42,2832.9536,2270.6208,2879.096,2866.877,51.030563,2911.998611058773,33.578689183772894
a7b219087df0e3f9,6784.8706,2925.0,2873.75,2904.9915,1336.2997,2828.4338,2883.1462,45.087276,2871.1740208390956,-2.575979160904353
40e864ac3c502827,6785.5566,2925.0,2876.04,2793.8296,3124.5251,2812.8442,2834.2112,66.24993,2848.2799823725636,-27.76005668993639
a7a0d69207206df4,6781.956,2925.0,2876.11,2880.6472,1913.164,2768.9744,2929.4785,52.292824,2828.4773078533126,-47.632799568562405
91b0133058661e78,6795.005,2925.0,2871.9,2975.85,2966.3477,2983.8557,2972.482,73.93892,3023.086729741839,151.186827398089
8d7b18856d19693d,6788.3022,2925.0,2871.95,2895.6401,2682.8274,2729.3716,2870.601,71.33064,2782.8516366075637,-89.0983145643113
dad714f0c9c666ac,6778.3594,2925.0,2932.55,2615.3215,2267.0618,2734.0657,2825.6504,66.16905,2778.313373397484,-154.23667543064084
6048d4f8d79cc565,6795.177,2925.0,2833.26,2795.6292,2161.0022,2710.9033,2844.2065,84.174065,2761.778128887254,-71.48188087837116
fa8ed8280e831138,6794.489,2925.0,2831.11,2858.617,2407.8474,2761.0598,2827.973,84.20427,2802.171011537528,-28.939095884346898
e640324c73091f7a,6798.275,2925.0,2832.44,2792.3616,2499.3936,2814.5771,2836.4207,104.74289,2850.2061746072536,17.766233201003615
0d009d93ef67651a,6798.1025,2925.0,2833.31,2828.4421,2775.232,2818.8005,2808.4004,115.078804,2848.502408204859,15.192349611108966
ce476026ab2cc518,6798.7915,2925.0,2831.24,2864.826,2526.9407,2844.5083,2876.5872,75.55462,2883.859579905791,52.61958967141618
770d98f8f3a55af9,6815.711,2925.0,2795.72,3391.1045,2844.1233,2833.8723,3389.9343,105.22989,2972.958123603158,177.23815290003313
ed004af3f4933158,6818.6543,2925.0,2815.05,2609.6594,2859.4644,2692.6553,2527.179,97.626976,2685.2295048020037,-129.8205440261213
916df20f37deb0df,6807.931,2925.0,2828.61,2702.8506,3123.1377,2817.4185,2774.3467,110.41702,2840.781246353991,12.17113893211581
ea70c6dd257d1528,6807.7583,2925.0,2828.76,2782.6003,2964.8577,2814.4753,2822.9136,100.72601,2847.5308095406,18.770799774974876
8ac335a30d52df59,6808.795,2925.0,2828.86,2885.5935,2612.4863,2666.469,2910.263,84.30183,2735.890999830903,-92.96910759097182
45829d02d9973750,6810.177,2925.0,2981.2,2872.5557,2874.8235,2684.6025,2825.2388,75.95782,2735.33372726217,-245.8662239097048
91bd5f318be542e2,6802.9272,2925.0,2983.21,2949.14,2048.0344,2820.8833,2971.24,75.76408,2881.498171008831,-101.71178992866908
dfcae2c90f65bb69,6798.1025,2925.0,2982.64,2952.1887,1880.2699,2904.4014,2976.5752,60.40528,2954.9576776282,-27.682214949924855
e621547ddee40636,6798.447,2925.0,2982.34,2758.5615,1685.6897,2822.983,2901.6807,73.96306,2869.996246173154,-112.34384171747115
6aa383df30206505,6823.508,2925.0,2981.06,2372.619,2678.4338,2101.627,2801.8218,93.29987,2225.2169980842054,-755.8430605095446
5c89048d81966ff7,6822.988,2925.0,2981.23,1858.3857,2951.5417,1988.4602,2044.5532,61.794125,1982.0215223248179,-999.2084581439321
002c59a527514564,6758.2197,4440.0,4104.36,3849.373,3889.7168,3816.4595,3904.9666,135.17947,3923.8305593549157,-180.52930392633425
a444ada209684ef0,6758.73,4440.0,4104.82,3641.3596,3964.9297,3910.4565,3992.519,108.03124,4022.1262153951516,-82.69360882359842
743d38b24a848bac,6758.3896,4440.0,4104.38,3824.1636,3964.9207,4096.999,4123.785,100.07643,4209.061826586791,104.68194377429063
ae04081ea2372b34,6758.56,4440.0,4104.44,3971.3784,4187.7407,4104.683,4078.0479,45.59867,4206.966203650443,102.52626224419328
a02cf1016a5887c3,6762.647,4440.0,4125.65,3267.2227,3639.854,4132.497,3420.577,91.93051,4105.162011784423,-20.487890559326843
b6bf406ee1eebd09,6760.262,4440.0,4104.3,2330.9736,3484.0098,3518.3684,2157.0884,38.195095,3330.5094443776993,-773.7903603098007
5e59f3166034239c,6754.478,4440.0,4130.22,3751.6692,3819.8342,4231.2397,4004.0793,126.14944,4302.564952035798,172.34473719204834
926dbe4003238dd0,6754.648,4440.0,4129.99,3649.5972,4034.9749,3544.1248,2311.6296,38.76657,3382.4485766285684,-747.5416577464316
a18ccf5dd5ed9e37,6755.1577,4440.0,4130.3,3810.3525,4080.8584,3856.0806,4280.3984,70.80424,4030.1030541010473,-100.19675058645271
f994e2e55d94b21c,6794.489,4440.0,1548.22,2246.6006,2178.9724,1856.5079,2556.8755,77.41733,1965.7026420025886,417.4826712994636
7883c5c4c0d4a92a,6794.489,4440.0,1558.86,1724.6345,2275.8408,1573.4279,1562.1049,62.66527,1529.6466980152372,-29.213287336325266
d6fe6512fcba3e69,6797.07,4440.0,1547.26,1949.9395,2204.1484,1861.304,1912.3959,72.74521,1846.422603714707,299.16259394908207
54a479d473cc8218,6797.2417,4440.0,1559.24,2273.54,2475.9294,2059.626,2037.8258,76.95055,2042.45712408169,483.2171338473149
ba871ac5f96623f3,6799.1357,4440.0,1548.06,1594.5374,1619.374,1446.4806,1350.6011,39.9087,1379.0314965368696,-169.02856205688045
58b5dcb099609597,6803.272,4440.0,1558.95,2556.0344,2356.9656,2541.9602,2558.7634,62.405537,2560.576816351129,1001.6268651792539
ed04929a1c3108e5,6804.1343,4440.0,1559.0,2859.6843,2247.6533,2425.9265,2420.5498,63.78498,2433.4648318176883,874.4648318176883
029927971539ea2c,6815.1914,4440.0,1547.83,1765.2896,2353.2563,1905.1267,1734.3138,67.89364,1850.322579304825,302.4926232501375
22f027b5a509a2bc,6819.001,4440.0,1557.68,2304.1646,1818.5411,1918.1079,2431.513,38.020298,1995.118889797181,437.43883608624355
898486bdd43b0d68,6807.7583,4440.0,1549.11,1931.0125,2802.58,1680.6185,1901.9171,64.22964,1687.701872516138,138.5918871645756
302892f3f865fce6,6826.2847,4440.0,1559.63,1644.3943,1660.2335,1439.7328,1489.3903,37.910374,1399.7617813582342,-159.8682235245783
aa3d2018ff6ca542,6817.0957,4440.0,1558.93,1694.3295,1711.1631,1619.1626,1816.1754,82.87176,1617.976913986711,59.0468602757735
1bd53cabdd6af229,6817.442,4440.0,1559.13,2430.6821,1728.6608,1726.7383,2497.938,43.508987,1841.8611344355465,282.73112955273405
068a4e4ae59759fd,6799.8247,4440.0,1559.84,1736.3344,2221.6365,1737.468,1519.0865,66.51584,1663.6840023853306,103.84403656501809
47a4077ffe6b8c5f,6775.621,4440.0,4027.33,3022.439,3318.1152,3571.217,3539.6316,48.970547,3641.1506383340193,-386.1794397909807
fef37afc4eb2bfb6,6776.4766,4440.0,4027.18,2411.1863,2784.5325,3249.7302,2292.9817,94.37609,3123.5399726071705,-903.6399590334545
fe4de4b9892430ea,6777.6743,4440.0,4027.08,3194.6328,3293.9373,3532.145,3647.062,93.31938,3627.838923810127,-399.2411543148728
03a021765f5b8e68,6774.0825,2975.0,2988.61,2987.9167,2878.204,3020.504,2987.9856,40.668922,3057.842245882225,69.23213846035014
bcdb179563c2218f,6772.373,2975.0,2990.82,2994.0398,3370.83,3012.9294,2995.2678,58.513607,3052.667489311916,61.84742095254114
2e7603f11d4c0be2,6772.373,2975.0,2987.47,2988.382,3328.8135,3035.7788,2989.0452,63.234505,3071.2935540141216,83.82358331099658
41c9584ebbf99ad9,6765.374,2975.0,2989.81,3043.965,3432.2886,2986.448,3005.1616,53.61871,3031.5943652222177,41.784306628467675
a7ba6f4d964fb07a,6761.114,2975.0,2991.04,2987.241,2642.61,2952.5505,2989.4055,55.776375,2999.1762877162905,8.136248653790517
09ab259bcecf9b8b,6760.4326,2975.0,2988.24,2987.4817,2773.356,3002.426,2989.3025,51.533707,3042.4150072968177,54.17501706244275
bac116b37a1abf68,6779.5576,2975.0,2985.97,2958.6619,3407.455,2971.95,2973.6377,59.96989,3012.98188610104,27.01191539791489
163b9611abdf8ea5,6781.442,2975.0,2989.92,2961.2542,2996.7603,2971.8105,3005.8757,58.083363,3019.0356572784112,29.115735403411236
49700ae0bde47c2a,6791.566,2975.0,2987.71,2980.8386,2967.8809,3019.503,2993.0513,51.070858,3057.944318799331,70.23435786183109
38f70fd785aef837,6795.693,2975.0,2984.91,2986.621,3092.6975,3023.5574,2988.292,43.53284,3060.5492912544587,75.6393791450837
2711825e7fe79dc4,6791.738,2975.0,2987.0,2987.9631,2633.8708,2990.3408,2988.349,43.777622,3031.7505569497603,44.750556949760266
cf57ec185308791d,6785.042,2975.0,2988.86,2987.8794,2839.7234,3015.1965,2990.1575,44.53841,3053.654995739637,64.79488831776189
22616ac7ecc79c6e,6787.2725,2975.0,2988.73,2986.7258,2499.3784,2982.4995,2984.6016,95.653145,3024.231778395625,35.50179792687504
54ff001917aa6815,6782.1274,2975.0,2990.93,2987.0903,2727.7688,2966.5007,2996.259,55.13061,3012.5883767296186,21.65844508899363
e693da76168b43eb,6772.202,2975.0,2987.4,2988.1401,2614.4138,2929.182,2989.2227,53.82104,2978.8729558180053,-8.526946525744734
90a020c0e77bc13c,6771.3477,2975.0,2989.08,2987.585,2885.535,2991.9995,2988.4912,56.932804,3033.2164029946766,44.13632486967663
35a16e25977dc514,6771.1772,2975.0,2989.75,2977.2754,1937.9679,2880.5632,2982.5688,55.808563,2935.4301624908217,-54.31983750917834
c01989036f59c966,6771.3477,2975.0,2988.77,2988.0867,2427.0833,3004.779,2986.681,45.698887,3043.9537338133814,55.183714282131405
c669c7650122c93a,6771.6895,2975.0,2987.82,2979.5015,3007.651,2887.9167,2257.038,37.070198,2802.844262283246,-184.97580607612917
4b5ba9e6629fefe0,6781.956,2975.0,2988.07,2988.4453,2747.5732,3060.8171,3006.1135,66.71667,3096.279192848116,108.20912448874105
6cb5ee47f397fb3a,6776.4766,2975.0,2990.46,2987.8633,2754.777,2991.747,2991.777,39.564423,3033.6268127022827,43.16685176478268
3107fe189e3fc6b6,6765.8857,2975.0,2985.55,2974.5576,2953.0757,2954.069,2992.2026,48.695366,3001.029117544397,15.479068716272195
c00b5b3e674dabb6,6766.909,2975.0,2988.38,2987.4453,2881.6338,2938.0461,2991.566,38.163315,2987.0099971885843,-1.3698856239157067
87a1473ddf9d58bf,6770.6646,2975.0,2985.59,2979.5151,3485.5273,2966.7842,2987.2166,45.170708,3011.1022761836916,25.51218829306663
663fcd0cbbc85caf,6769.8105,2975.0,2985.12,2980.2578,3162.1387,2958.257,2988.2554,39.279125,3003.905445232339,18.785328044838934
2e2b5c0818b857ae,6766.3975,2975.0,2988.09,2973.1575,3019.6575,2928.548,3000.8384,37.894794,2980.5480581930074,-7.542029697617636
b90ac15c2c65e60a,6766.739,2975.0,2983.1,2982.4731,2525.9976,2871.9993,2995.0496,63.128185,2930.3928692088807,-52.70722844736929
2f45a5af810af996,6772.544,2975.0,2985.51,2987.6375,2836.8657,2977.4927,2984.5134,42.331924,3019.8723240408394,34.36231427521443
2f9bfcae086b79b2,6790.1914,2975.0,2985.4,2918.418,3104.2388,2933.9312,2986.703,57.791653,2982.509510196212,-2.890392147538023
42aa12f348158957,6774.937,2975.0,2984.87,2986.954,3018.6006,2914.0005,2988.4082,54.058525,2965.5496962991606,-19.320420888339413
129dd119200ed6bb,6793.285,2975.0,2982.27,2974.3633,3317.216,2979.0479,2980.4004,45.040558,3020.4333864590835,38.16336692783352
7ee90e9f10a0d312,6787.959,2975.0,2981.51,2652.0505,3071.0574,2801.2734,2762.3853,63.973858,2824.4871843262576,-157.02282543936735
9c0961c965becb48,6790.0195,2975.0,2981.57,2976.099,3187.014,2945.7046,2983.9375,55.7801,2992.1912884065982,10.621220047223233
2b7ae733f211e467,6787.2725,2975.0,2984.71,2977.3423,2669.3455,2993.9785,2996.3213,38.989502,3036.4325765626168,51.72261562511676
6e7df5b0232806d0,6790.3633,2975.0,2983.26,2971.4653,3061.135,2891.6116,3002.601,55.605606,2948.8495597328424,-34.41045003278259
2351226a7ee1525a,6820.7334,2975.0,2982.86,2985.969,2774.147,3013.5056,2984.6624,38.41461,3051.135911867342,68.2758044454672
af866a6ba64863ac,6818.6543,2975.0,2989.07,2987.5764,2928.4656,3030.8733,2990.8296,50.414574,3067.3806346596793,78.31056630030434
cac1982d15158918,6822.1206,2975.0,2986.27,2967.1633,2566.0798,2953.0588,2882.563,40.486687,2979.1531734974865,-7.116846033763522
d303e3cebdc35ee6,6817.615,2975.0,2989.02,2976.9014,2956.1504,2720.6023,2942.3108,60.48903,2788.9806300742343,-200.03938945701566
e82f97d2895e24c3,6827.5,2975.0,2985.24,2862.6057,2704.5642,2977.5164,2881.6287,56.907494,3000.186931982301,14.946941747925848
7bcf05d7d9359f23,6817.615,2975.0,2986.67,2909.1685,3700.3467,2878.3582,2935.544,62.47656,2924.5107663247354,-62.159155550264586
7a065a9ec2e7e877,6821.774,2975.0,2981.83,2987.4878,2578.813,2915.929,2991.3806,41.48644,2967.7916293151497,-14.038448809850252
2ebd62fc81f13e8f,6744.9727,2987.0,2987.55,2986.5032,3603.8457,2923.5222,2989.3564,86.27827,2973.989787330939,-13.56026149718582
222ec64688f60e19,6770.323,2987.0,2988.1,2976.8818,3549.921,2866.9062,2985.3547,65.659966,2924.118659262478,-63.981438393771896
2b5282fcde2ed37b,6763.3286,2987.0,2987.17,2980.6838,2826.677,3026.0398,2989.8772,96.655655,3063.005988197046,75.83606632204601
cacb0fbb0df9511e,6766.3975,2987.0,2989.66,2988.564,2798.0305,3014.2236,2989.5015,58.98382,3052.6855236721008,63.02561156272577
7ee14bb23ad7767a,6779.5576,2987.0,2989.82,2981.5718,2769.4949,2991.9402,2984.2888,58.323654,3032.3600465845193,42.539978225144296
45ad2745b2c561ed,6769.128,2987.0,2988.24,2992.218,3059.553,2755.562,2978.226,67.94069,2826.1812013392546,-162.05878889512041
9849801dd263b382,6760.6025,2987.0,2989.12,2981.164,2976.8667,3027.8672,2990.9563,111.769714,3064.797623258096,75.67750607059588
f8947762e69975d2,6755.668,2987.0,2987.1,2981.2085,2675.9058,2975.5435,2987.4363,65.31744,3018.741535752919,31.641438096668935
cbda9772d4caaf77,6778.3594,2987.0,2989.23,2981.8237,2856.606,2888.596,2692.6597,87.70046,2886.8697002812496,-102.3602801875004
601e6c8a8e44be8c,6765.5444,2987.0,2987.03,2989.0342,1961.535,2933.6804,2988.6123,56.38034,2982.657762322859,-4.372266974015929
c75406c374f402e0,6785.042,2987.0,2990.29,2988.3364,2245.9849,2971.7595,2988.8613,51.19529,3015.732564382437,25.442525319936976
2f5ce470d26d663a,6811.041,2987.0,2989.2,2979.8079,3038.7544,3002.1587,2990.3728,116.73816,3042.3881420500356,53.18819087816064
98ac6157b83320b8,6817.788,2987.0,2992.96,2946.261,3342.264,2988.162,2966.5557,58.99566,3025.6867097314444,32.72674879394435
520708306d54709b,6795.3486,2987.0,2989.05,2991.01,3019.1375,3007.4602,2989.446,117.77841,3046.8087924763754,57.7587436482504
edf5f756f05d3037,6810.3496,2987.0,2989.54,2990.299,2882.838,3007.017,2988.8293,98.75642,3046.306346948783,56.7663078862829
19dde06b0ae471c3,6807.2407,2987.0,2993.27,2986.451,3106.0557,3014.18,2984.316,93.684715,3051.654411790238,58.3843922589881
87ed497cd91511e4,6807.2407,2987.0,2993.56,2981.4727,3200.3398,3035.7124,2986.8154,94.94219,3070.8088876114007,77.24882901765068
d02f8e72b50ef90f,6794.6606,2987.0,2992.88,2991.0132,3130.8184,2958.5686,2989.243,125.361374,3004.364787703515,11.484904891015049
343c6ccef3aa957d,6790.535,2987.0,2989.42,2990.5564,3117.4077,2992.933,2992.6443,100.06714,3034.821591180167,45.40166930516716
487dc434837be1d9,6794.8325,2987.0,2990.91,2989.348,2853.7236,2932.6726,2993.0073,106.85757,2982.6254531262844,-8.284458983090644
4258f6786984c5b4,6776.4766,2987.0,2992.14,2988.6428,2265.0317,2910.8062,2973.5708,78.8966,2959.9372892129372,-32.20260336518777
efe2d9a9b5e4409f,6752.439,2987.0,2991.42,2988.4944,2748.65,2950.112,2989.5806,66.540016,2997.094854304663,5.674932429662931
617afeebc608b5c8,6768.6157,2987.0,2988.12,2989.5642,2158.8496,2878.6943,2988.1611,62.110622,2934.8803273491744,-53.23978983832558
caa6b30076843d75,6803.4443,2987.0,2989.8,2989.95,2917.7341,2925.13,2991.8718,127.51662,2975.865943526962,-13.934105301163072
738551cba0ad852f,6807.7583,2987.0,2989.62,2982.8535,3253.0364,2982.6982,2993.6746,126.8044,3026.141930783842,36.52181359634187
b44434754eb8439d,6831.1494,2987.0,2990.57,2777.1716,2765.648,2848.4822,2775.5122,79.45229,2867.9469474580774,-122.62312090129763
cb1a256318ea5560,6611.392,2970.0,2973.33,2973.575,2775.5547,2963.6482,2976.677,93.91817,3006.3636621489004,33.0335840239004
c5275c05de3546cb,6617.5864,2970.0,2974.27,2973.654,3348.4045,3038.4944,2978.1836,119.92575,3071.5684912300076,97.29847169875757
63972b916e09aa52,6617.9126,2970.0,2974.12,2959.7002,2893.8616,2901.9636,2972.6318,53.10281,2952.0880642251936,-22.032052962306352
9f1cc664a2dd4fb7,6611.555,2970.0,2974.01,2966.308,3078.1345,3027.6052,2966.1016,85.97253,3059.809887928998,85.7998781633728
f9afff52afa2c74f,6600.012,2970.0,2973.78,2955.1384,2707.5732,2895.6274,2930.1836,121.59368,2938.4622286319222,-35.317800664952756
ec9e26377a5f1660,6599.0386,2970.0,2972.21,2731.0085,2772.197,2947.1826,2616.522,86.34253,2923.100654597016,-49.10930634048418
613e88758eeb1d6c,6646.757,2970.0,0.0,2179.102,108.24101,890.73975,840.9667,13.312543,799.4090755116996,799.4090755116996
f407ad17929acf5b,6649.8857,2970.0,0.0,2002.7246,887.71985,1454.8655,1168.8506,4.1633067,1351.4925520109211,1351.4925520109211
2c71090d59a42679,6611.0664,2970.0,2970.18,2966.6414,2980.2688,2931.8152,2975.412,85.954704,2978.511704273884,8.331772633258879
1398026662209a1c,6642.3154,2970.0,2972.93,2970.5332,2444.547,2870.6628,2967.9883,127.99426,2924.0505931282087,-48.879338512416325
4047ba25be005783,6632.959,2970.0,2974.91,2969.0503,3412.2292,2974.0676,2973.7883,56.656925,3014.8474592061866,39.93754709681161
323a227605358e97,6621.9946,2970.0,2973.91,2974.2012,3223.5137,2998.0042,2974.7976,46.661457,3035.801608894706,61.89169678533108
2b98cba13d4a1b42,6667.5615,2970.0,2974.74,2959.446,2209.9075,2953.2285,2982.4807,135.34871,2998.4379824652287,23.697992230853743
8eb3e30a19361b05,6614.814,2970.0,2971.79,3287.8472,3015.285,3148.3384,3538.6526,44.756756,3274.1882372771997,302.39819821469973
93c4b1295c1a6d46,6615.792,2970.0,2971.88,3048.19,2980.704,2981.31,2850.9246,82.753494,2997.596438953415,25.716556140915145
957307262fe24f2d,6625.918,2970.0,2975.54,2976.5183,3128.8052,2868.8328,2949.8745,59.81181,2918.9939105327585,-56.54612852974151
9b4522db194df2fd,6679.176,2970.0,2975.99,2977.267,2883.5122,2972.3298,2974.4062,44.15577,3013.458573808195,37.46858357382007
b4bef0dd76acee0c,6654.0073,2970.0,2975.25,2999.3435,5167.77,3058.4448,2976.4133,86.93781,3088.53301840701,113.28301840700988
7f84774c967b3287,6629.355,2970.0,2974.53,2944.1895,2717.6396,2956.9395,2975.6438,95.52001,3000.347084264094,25.817054967219065
160ad98b7d84822a,6621.3413,2970.0,2972.13,2913.6338,2927.8398,2902.7793,2949.0974,84.32279,2948.287879124211,-23.84200368828897
80247659a6a50065,6613.836,2970.0,2974.2,2945.1672,2514.3699,2921.129,2973.6226,88.35955,2968.9004254744573,-5.299525697417721
56493a5acf464ba3,6599.5254,2970.0,2973.89,2903.9783,3187.1455,2987.2463,2942.4065,60.132156,3020.2670472720524,46.37715469392742
ba39cee5a0cded46,6613.021,2970.0,2973.55,2923.5786,2707.2415,2951.5896,2821.924,82.932106,2966.264445855779,-7.285602972346169
86e1747469818bae,6607.974,2970.0,2975.01,2971.787,2717.2551,3012.0247,2962.4585,55.026787,3045.5986411501335,70.58863138450852
5dbac66f88525993,6618.076,2970.0,2972.71,2966.6401,2933.0637,2990.85,2973.194,49.530533,3029.2895643646098,56.57960342710976
993c367b34ace830,6622.8115,2970.0,2971.34,2964.3323,3123.183,2928.1096,2951.889,79.60306,2970.79226783126,-0.5478200593652218
58d98a15be0afb96,6730.258,1480.0,1130.35,1175.974,1270.4994,1200.5999,1156.7109,114.61233,1128.6354694072752,-1.7145061786623046
74ff43adc76ffbce,6704.3687,1480.0,1188.52,1144.3599,1478.561,1240.6005,1178.6558,126.77828,1167.5323353331935,-20.987684198056513
a4d79a54dcecb7b8,6704.3687,1480.0,1127.69,1134.2697,963.46454,1097.0698,1149.9424,89.60828,1037.5444736535756,-90.14546775267445
21b7c911eff5d5ed,6707.217,1480.0,1128.9,1116.908,1054.5231,1155.9152,1180.2856,125.47624,1094.3945021237769,-34.505522290285626
701730179ddfb37f,6706.379,1480.0,1127.94,1186.7614,1082.108,1220.2611,1215.8978,119.095955,1157.024546520553,29.08460511430303
c62d6836dcbb3b6f,6732.2837,1480.0,1186.7,1227.3103,1637.9381,1177.6101,1179.1034,123.25426,1112.9847149410268,-73.71523623084818
a6f74ca151da30b4,6717.7925,1480.0,1186.94,1205.4366,1385.1862,1194.8131,1256.1088,110.36783,1142.6545242915324,-44.285417114717575
9f58af895fdbf827,6717.288,1480.0,1187.63,1185.8732,1496.7853,1143.013,1180.908,105.42947,1083.3232266580758,-104.30677822473672
349f234abd164481,6715.7754,1480.0,1157.34,1157.152,1165.6918,1230.8947,1148.9618,125.93482,1153.426800139723,-3.9131656805896
6b26741e0b23ee61,6713.088,1480.0,1156.5,1158.327,1166.1592,1166.313,1159.2593,122.39798,1099.3855737530887,-57.11442624691131
ef760b9a48276218,6712.9204,1480.0,1156.13,1164.4269,1181.0316,1161.1162,1161.6567,85.64527,1095.3374538404294,-60.79255104238314
46ede3bff417df53,6712.4165,1480.0,1158.15,1158.2155,1240.7535,1174.7185,1157.9131,125.94439,1106.4180807014232,-51.73194371263935
563b859765d11aef,6712.4165,1480.0,1157.36,1150.5,1136.2761,1178.5283,1156.4701,85.41109,1109.446060644784,-47.913924706778516
bd102f43b88d9430,6710.9062,1480.0,1157.97,1154.9019,1126.5692,1158.3123,1156.6407,117.41842,1091.9447696268,-66.02520107632495
471f4756012fa287,6711.0737,1480.0,1158.13,1163.0482,945.75916,1084.2544,1167.7625,84.194855,1029.8424301774464,-128.28757470536607
5c2eb4d7fc68a5ed,6713.256,1480.0,1157.98,1152.3655,1092.1439,1131.7683,1156.4224,114.01123,1068.880610583762,-89.09936988498794
159b65d0f179e2aa,6714.7676,1480.0,1157.97,1161.5978,1319.8923,1245.183,1170.1438,115.47301,1169.8765566033921,11.906585900267146
b82c8e0c282c763c,6713.9277,1480.0,1157.59,1158.4357,1207.253,1169.5511,1172.4521,116.510345,1104.7210063376203,-52.86895948269216
6d7eb0e9af0a1f9a,6739.045,2985.0,2987.2,2990.5684,2367.0217,2955.2837,2987.5254,82.9241,3001.1867231933516,13.986772021476554
106c16281f94e249,6723.514,2985.0,2989.33,2984.1292,3091.386,3065.8728,2973.665,55.418644,3094.44912770508,105.11904958008017
a637baf2dbebe064,6760.6025,2985.0,2984.59,2988.9407,3707.3318,3010.201,2994.277,120.248886,3050.111211748434,65.52112385780902
0cda65c7375ac2c9,6760.6025,2985.0,2987.34,2944.741,3498.0955,2928.5977,2984.902,102.71071,2977.5387039940338,-9.801383896591233
3a069e561bc39f9a,6762.4766,2985.0,2990.27,2981.0686,2624.128,2870.9055,2985.1528,71.71539,2927.5486681067205,-62.72135142452953
29f34c6195f99938,6796.3813,2985.0,2985.1,2981.3862,3223.9756,2851.9258,2993.9338,79.92618,2912.7688553829757,-72.33124227327426
c521df335a75a9be,6796.7256,2985.0,2990.93,2962.4314,2951.2363,2905.5466,3001.8875,63.332672,2960.7991558108642,-30.13077582976075
d649d943a2a09a93,6804.652,2985.0,2993.09,2991.485,3361.1594,3019.6746,2991.5493,67.91816,3057.8055040989366,64.71541620831158
746c91a7955d4aa7,6804.4795,2985.0,2987.81,2990.4785,3352.6643,2997.9653,2989.0369,35.611202,3038.4952427718003,50.68518417805035
31d3b3a891b523c8,6768.7866,2985.0,2982.76,2932.794,2899.6768,2978.1973,2985.4187,80.40882,3020.656825833615,37.89681606799013
7268d60b8db7a93b,6784.8706,2985.0,2987.99,2965.168,3149.2224,3042.7742,2982.1409,32.73264,3076.0384254471314,88.04843521275643
d3241c7c4293eb01,6775.621,2985.0,2988.23,2985.5945,2574.877,2973.7651,2994.0754,49.501133,3018.4707721113327,30.240791642582735
77480f08b13031d8,6776.9897,2985.0,2987.75,2978.8767,3040.6353,2897.851,2904.1602,62.633045,2935.4064762883386,-52.34352371166142
5a129682ec2b70c0,6752.439,2985.0,2991.96,2989.2864,3295.0283,2953.164,2994.5146,67.82766,3000.6869883499653,8.727027412465304
9e6b4d306e812697,6774.2534,2985.0,2991.13,2781.6028,2663.9219,2873.9666,2991.8132,109.6281,2931.4792855898504,-59.650597222649594
0d8ef23ee4932c08,6763.3286,2985.0,2990.78,2982.9722,2972.1406,2992.0752,3007.39,86.466965,3036.9017858605257,46.121756563650706
49da84efb2405d07,6744.8027,2985.0,2988.01,2892.4294,2734.1667,2951.275,2942.943,59.526577,2989.1707625259546,1.1607527603296148
4046e385439f4f94,6749.7217,2985.0,2989.09,2989.8313,2709.6587,2973.6243,2986.3953,90.004074,3016.8775773608268,27.787489470201763
745918aef0c045ab,6725.0303,2985.0,2988.94,2949.5664,3627.316,3020.0073,2961.0254,139.44464,3052.2477497152286,63.307808308978565
d488396c0877d9df,6730.258,2985.0,2995.18,2951.0098,3172.067,2929.1829,2867.7234,122.532715,2955.602560767147,-39.577370873477776
061ff9679b736b84,6800.514,2985.0,2991.4,2972.9724,2856.533,2910.123,2988.6084,41.249275,2962.225023486987,-29.174878856762916
d5c759c713dd7bc1,6809.831,2985.0,2995.24,2984.9138,2795.4907,3015.8655,2990.3818,71.24495,3054.278164920762,59.03817468638681
8d7570cf2417e93f,6804.3066,2985.0,2992.49,2702.908,2927.8013,2905.4753,2669.327,54.271538,2897.0406693056507,-95.44932092872432
3446098e2b897061,6810.3496,2985.0,2990.23,2989.2961,3191.4856,2992.5964,2991.6892,94.35273,3034.34665768015,44.1166772114002
896c635f00aa4009,6815.0186,2985.0,2989.99,2983.1672,2847.5825,2941.3325,2986.9463,53.39891,2988.9755508711473,-1.014439363227666
90b6da66cd9a4480,6810.6953,2985.0,2994.75,2990.0486,2663.545,3024.0781,2993.144,94.65464,3061.9302872253224,67.18028722532245
d58f9135ca7dd41d,6812.943,2985.0,2986.86,2990.581,3329.6565,3001.182,2991.8638,31.324486,3041.82650026329,54.9663928414152
d886dd953339f19a,6805.342,2985.0,2997.82,2967.089,3563.7483,2933.658,2991.0679,69.88857,2983.1086057854936,-14.711462573881363
6e6c476637c4346e,6811.041,2985.0,2989.01,2991.124,3016.3289,2974.1555,2988.4048,38.534637,3017.723237553639,28.713227788014137
29fdb2e02c7f07f2,6807.931,2985.0,2988.6,2988.811,3110.886,2950.9502,2986.4792,100.64995,2997.2277848715285,8.627687215278456
6f14d308905ff6c2,6808.104,2985.0,2989.29,2990.2075,2421.5127,2948.5535,2991.5698,79.180405,2996.1240514161223,6.834012353622256
f42a095b3f5c2067,6795.005,2985.0,2991.02,2990.0242,2823.6157,2917.8145,2985.9473,63.29382,2968.3863050346645,-22.633714496585526
7aed70eacaa622c5,6838.982,2982.0,1490.35,2221.2263,1570.157,1874.6748,2061.4983,86.62768,1886.5777120895598,396.2277365036223
0db4f2d73353eab3,6859.256,2982.0,0.0,344.03302,4.5151076,366.63037,-81.691185,6.6451216,168.11350260278914,168.11350260278914
ffc001a1c341c93c,6874.012,2982.0,0.0,236.42377,373.94382,357.86426,29.081223,1.8919728,181.72708265890554,181.72708265890554
7a5af5b8e8163cc3,6851.027,2982.0,1490.32,1837.3533,1712.4042,1604.184,1596.7578,94.631165,1562.9595750044998,72.63962871543731
0e8da1963d121458,6850.3276,2982.0,1493.55,2247.8613,1639.7775,1702.8336,2015.6136,88.13264,1728.7464134927723,235.19636466464726
b47b780303bd7a75,6826.979,2982.0,1597.72,2262.6692,1805.6682,2612.833,2292.677,114.865974,2571.082246601685,973.3622758985598
2d2a7b2b5da6f635,6856.2773,2982.0,0.0,1279.7891,2086.8528,1512.6451,667.2352,33.646217,1305.5301229444037,1305.5301229444037
9981c9525a5fc7ce,6814.326,2982.0,2401.0,2634.8464,2078.3882,2471.1284,2591.0913,90.11851,2505.334248425463,104.3342484254631
1ccb4e91db9f86b7,6814.845,2982.0,2400.64,2544.159,2256.247,2487.1697,2610.2288,89.37133,2522.9127695349534,122.27287695682844
ee40b28999bdfebc,6808.2764,2982.0,2603.3,2167.7354,2129.749,2369.153,2505.1274,94.54542,2400.4230822296427,-202.87696659848234
ebba5fa564f27bc1,6702.025,2975.0,2984.36,2986.392,2514.0525,3014.318,2988.788,92.58985,3052.6308346846845,68.27072726280949
afab5d055e3278dd,6679.176,2975.0,2984.47,2984.8596,2716.993,2981.046,2985.7578,88.66159,3023.1924787749626,38.72250807183764
621c683da7eda4c2,6685.9976,2975.0,2984.28,2985.2954,3289.2305,2966.0688,2984.8992,84.06531,3010.037990408602,25.757961111727127
acc58b9d3d769989,6683.833,2975.0,2983.08,2986.0627,2545.3906,2868.386,2984.9548,39.629147,2925.3254824571836,-57.754595667816375
f41d7ea6d61211a9,6686.3306,2975.0,2985.75,2984.896,3048.7622,3018.13,2985.5425,85.43874,3055.3152470648406,69.5652470648406
787c7cfcdbfa97ad,6689.6636,2975.0,2983.38,2986.6675,3219.7512,2980.8489,2986.7168,39.739,3023.2052744697544,39.825391657254386
399899d7ea741d78,6692.3325,2975.0,2988.72,2984.812,2763.3071,2992.0378,2984.6558,87.72032,3032.5150288066857,43.79505810356068
a35a3e371c1af49f,6684.832,2975.0,2987.02,2985.448,2892.8167,2985.1858,2986.178,140.21938,3026.86360336906,39.84358383781
13c61e1948f0a976,6676.1855,2975.0,2986.88,2985.2805,3266.7373,2999.1226,2984.8496,105.65643,3038.6969369135572,51.81705410105724
17ec42fffcf4f352,6683.1675,2975.0,2987.72,2986.366,2707.1462,3002.0312,2986.2227,36.086594,3041.482714231878,53.76274352875316
c7c6ac4585439e5e,6702.192,2975.0,2987.7,2976.1094,3471.7986,2918.2708,2982.8816,44.16291,2968.194885394603,-19.505065777272193
cd14e53170b706ba,6734.1416,2975.0,2986.66,2986.9585,3141.6116,3004.373,2986.0684,136.7228,3043.4842692604725,56.8243571510975
4617b252769b3ab8,6710.403,2975.0,2988.53,2961.6804,3108.7122,2971.0637,2987.5327,156.44096,3014.874601619362,26.344572322486783
6124ed1b7ca6cf8e,6719.306,2975.0,2988.13,2959.629,3652.1934,2973.517,2951.9973,93.82757,3010.1962418296935,22.066359017193463
0c36feec4396261e,6711.2417,2975.0,2990.85,2975.7754,2961.208,2940.8684,2974.7188,45.98545,2986.2310240982247,-4.61907355802532
46f39bc778aa2db4,6747.177,2975.0,2988.9,2985.3738,2929.877,3011.0352,2996.5444,78.95748,3051.269033828766,62.36913148501617
77307489396e6da1,6700.686,2975.0,2983.76,2986.5632,2978.3003,3002.106,2985.7239,100.87088,3041.451976600433,57.69196683480823
38ae1c0b5eec213e,6701.523,2975.0,2979.57,2985.7363,2567.3967,3018.381,2985.8567,48.0801,3055.593319750187,76.02325139081222
2e37db1cfb43c6c5,6724.3564,2975.0,2986.55,2983.2417,2934.6414,2973.7163,2987.4905,159.1188,3017.167178086383,30.617129258258046
dc0fb334a3136e34,6725.367,2975.0,2988.09,2987.0583,2343.1924,2948.3728,2987.7185,86.47275,2995.229697798981,7.139609908355851
58f2369e6b481706,6704.201,2975.0,2985.19,2980.7952,3360.9336,2950.1912,2987.309,138.24518,2996.7283948632935,11.538453457043488
161c491f2bc0427c,6691.3315,2975.0,2983.74,2983.259,2239.3796,2959.9866,2981.8896,100.71869,3004.186231410686,20.446241176311105
efd0303e72f5a823,6702.025,2975.0,2986.5,2978.504,2654.6414,2836.8308,2989.1724,36.26566,2898.7645665862933,-87.73543341370669
98471d9a449ad571,6686.8306,2975.0,2987.69,2985.2273,3043.9727,2951.619,3013.9192,85.16749,3003.06345076807,15.373509361820197
6dfe1c2c52d227fd,6702.025,2983.0,2988.28,2985.0527,3449.116,2993.2368,2986.3242,85.53216,3033.8745004135335,45.5944711166585
da78a0e8d31f0038,6659.29,2983.0,0.0,198.41632,2969.8442,338.99878,1182.9773,5.921915,386.3748507777417,386.3748507777417
a5bde48d085a200e,6738.7065,2983.0,0.0,186.0199,212.18571,193.25894,57.606827,4.1083755,44.4237568264827,44.4237568264827
69872b4021f89b33,6744.9727,2983.0,0.0,375.07663,58.053932,655.4659,18.509048,1.6327937,437.8206431164392,437.8206431164392
75274f33b67152a7,6746.668,2983.0,0.0,142.87848,373.56186,-34.040592,-35.897575,5.611948,-170.62897299734198,-170.62897299734198
b01e6ab005555cdd,6709.8994,2983.0,2985.24,2985.3162,3047.531,2989.6057,2983.5903,91.31402,3030.2015070751795,44.96151684080451
59da64c2e76bd02c,6702.527,2983.0,2983.64,2985.6553,3246.735,2992.8547,2985.5703,116.681076,3033.3987126283705,49.758820050245504
477038f3ec430010,6701.188,2983.0,2982.49,2985.7053,3063.9587,2946.4868,2986.2378,119.60381,2993.3103204561526,10.820330221777567
0e8e34d0e2fe8a5d,6707.552,2983.0,2986.68,2985.3862,2913.215,2997.8857,2986.0806,109.63365,3037.8599804272385,51.1800487866135
1dda3a70438a8396,6717.7925,2983.0,2982.28,2985.8506,2826.97,2999.476,2984.2002,99.859474,3038.8791663546053,56.59913705773033
650d530b5fd3b39f,6724.3564,2983.0,2988.57,2984.6284,3032.8154,3012.3306,2987.5627,77.05393,3050.6722814994455,62.10221314007049
eeb92f451309ac26,6727.7275,2983.0,2986.19,2984.75,2977.0208,2954.994,2989.7117,74.82756,3001.3541225228983,15.164181116648251
0bff8eeb0b010815,6731.4395,2983.0,2983.83,2984.2874,3119.3035,2951.8406,2983.377,123.929276,2997.405842940936,13.575764815936054
4d2a7b98c1c30199,6746.3286,2983.0,0.0,650.3746,736.83923,921.07086,129.58324,7.0912294,689.4620057564453,689.4620057564453
df639b366dc6248e,6727.7275,2983.0,2986.41,2969.7751,2980.5203,3007.9734,2951.7727,122.24332,3040.0381655549836,53.62825344560861
608ae50d2cfc9d2a,6748.873,2983.0,2984.46,2984.8745,2988.5837,2976.7144,2982.834,103.29768,3018.8755938107406,34.41563287324061
f4f00c7faba80041,6726.716,2983.0,2982.58,2985.1384,3027.2097,3017.5447,2984.9805,105.43704,3054.70003742436,72.11995929935983
b7095647fa1a7b25,6728.402,2983.0,2983.31,2968.226,2812.3135,2886.592,2976.6938,94.11402,2939.5338601545127,-43.776198439237305
bc58dbcd4c07b415,6741.4146,2983.0,2984.75,2985.2283,2817.2922,2983.888,2989.8252,69.89444,3026.436505251787,41.68650525178691
e88bce22121eb2e2,6741.076,2983.0,2987.03,2984.8047,3048.7717,2959.654,2985.902,123.44585,3004.666348475388,17.636319178513077
b7e16817f3685546,6731.6084,2983.0,2985.38,2985.394,2844.1697,2943.9197,2986.2944,108.45126,2991.0946154795333,5.714732667033331
5d5b3ac72d7adc81,6724.3564,2983.0,2986.0,2985.034,2651.6309,3012.8613,2984.663,50.28701,3050.5772433155903,64.5772433155903
5e6e5d4cb9644c3b,6716.112,2983.0,2983.14,2984.944,3191.7183,2996.161,2987.9734,51.357452,3036.726504950526,53.58661237240085
a96407c028c41cf4,6710.403,2983.0,2984.0,2983.375,3419.2214,2992.2917,2986.1785,114.412445,3033.0268988485755,49.026898848575456
44f19828541e81da,6726.8843,2983.0,2987.76,2981.5115,3037.929,2999.8232,2988.2068,52.162334,3039.947673767331,52.1876640017058
d7d768feb8c41739,6733.297,2983.0,2983.98,2983.1702,2933.7485,2963.8286,2980.1624,118.09807,3007.187708927325,23.20772845857482
a4642b56ed70c8d6,6812.7695,2967.0,2972.41,2963.5046,1378.7759,2768.248,2859.6667,33.793518,2814.476023084689,-157.93388902468587
2a50e4c3a9914bda,6818.3076,2967.0,0.0,298.25903,1432.0334,263.96362,-124.61833,10.397648,70.84565543305158,70.84565543305158
704e045b08952dd1,6822.294,2967.0,0.0,575.0146,566.467,386.1437,1261.582,5.6070404,442.32049014304084,442.32049014304084
6c7f3d82c32bcd8e,6783.67,2967.0,2972.44,2550.233,929.06177,2624.5598,2745.5024,35.760124,2667.9847177049755,-304.45522370127446
782a08d673bc0093,6759.411,2967.0,2970.19,2862.446,1918.8945,2850.6084,2952.1897,94.23378,2903.630828496603,-66.55911290964696
d0e87eb3686e284c,6744.8027,2967.0,2990.42,2876.8447,2761.1455,2756.5576,2867.3545,140.96812,2805.8090399325447,-184.6108819424553
2286785b2668883a,6717.288,2967.0,2987.25,2950.311,2518.7852,2977.3206,2931.1594,109.437195,3009.5039337638273,22.253933763827263
94cd49ceff6244a4,6716.784,2967.0,2989.73,2905.899,2556.2295,2940.8918,2987.097,86.37134,2988.6221934015703,-1.1077870671797427
7a492c42508e80c7,6726.8843,2967.0,2966.78,2962.223,3348.5386,2988.3894,2989.9827,109.84528,3030.3709168375667,63.59088754069171
55769f2cf862d0a5,6717.6245,2967.0,2967.88,2935.0427,3645.7493,2884.8398,2977.3345,88.53437,2938.136830288115,-29.743052524384893
f19ff7c3249537ae,6816.7495,2967.0,2989.09,2964.1829,2430.091,2791.5674,2972.0967,117.60036,2856.235713037139,-132.8543748534862
c7da61e614bed864,6812.251,4050.0,3515.23,1676.2638,2367.1145,1706.2261,1521.3103,8.667244,1637.0128864385315,-1878.2170940302185
22333c73b93e4bb7,6726.716,4050.0,3279.97,2267.3691,1997.7396,2103.1436,2197.3918,38.356834,2110.763501291977,-1169.2064694111482
a7f8ace5a8ded44a,6729.414,4050.0,2184.18,2192.0293,982.059,1738.6583,1566.7806,21.439888,1673.8514312943844,-510.3285003462406
361f5018aef2acce,6717.4565,2950.0,2945.85,1837.0546,1479.473,2084.906,2057.4292,33.866352,2068.1379408997473,-877.7121567565027
f97b3d26d9cb8a5c,6784.1846,2950.0,2962.95,2898.3655,3356.159,2622.0989,2914.3892,25.840082,2698.197826114118,-264.752125057757
21bb020606ddb5f5,6752.099,2950.0,1339.63,926.57983,599.47314,598.3217,538.3138,6.8381996,487.818142312306,-851.8118625705065
b6d425db2a2c460c,6806.3774,1475.0,1489.62,1387.0033,1699.6891,1626.1786,1458.4491,39.36005,1555.5453293944825,65.92533427729495
ee801c743d64ecf8,6793.285,1475.0,1487.72,1484.3729,1297.0033,1493.8307,1490.9952,34.78363,1446.9898626127203,-40.730108090404656
0ef819ae7e6a6385,6791.394,1475.0,1487.34,1419.1353,1475.4851,1445.1595,1504.7804,33.48313,1407.4162999048738,-79.92366591543873
282fd949f5b0f19a,6845.9595,1475.0,1487.44,1463.3674,1191.9393,1519.8824,1478.7869,13.047043,1467.2469864410712,-20.192954965178842
2e0c57aeb59b4724,6851.202,1475.0,1488.04,1404.2042,716.5751,1468.2994,1407.4875,34.501488,1408.851308516335,-79.18873054616506
3348d986162bbf72,6849.978,1475.0,1488.9,1461.433,1723.2262,1440.4518,1511.7068,36.09896,1404.6597599421614,-84.24026447190113
ba7f9c48646f6a72,6854.8765,1475.0,1488.07,1464.0052,1580.647,1655.0068,1457.7498,35.71898,1580.4149539128034,92.34500762374091
befdd4b72f0c12d5,6825.5903,1475.0,1487.61,948.11383,1090.8884,1268.357,710.47876,19.3506,1101.9346107671147,-385.6753745844478
3b2191bc3f199d18,6807.931,1475.0,1488.81,1335.3225,2374.276,1318.6729,1372.6394,12.28544,1272.4012392807965,-216.40881931295348
1464bbf652a192f9,6792.597,1475.0,1485.04,1483.1747,1441.0947,1461.7617,1350.078,16.030422,1392.1850746055143,-92.85496445698573
7c6b959c360ab4af,6792.597,1475.0,1486.88,1483.5164,1365.446,1437.5997,1491.4115,32.97701,1398.2988559192327,-88.58114896357984
232a914805c6220c,6793.113,1475.0,1485.94,1488.3158,1650.5043,1446.5256,1478.1422,34.848816,1403.499030121979,-82.4409112842709
46e923a61a629131,6840.202,1475.0,1487.12,1482.9884,850.4572,1571.3324,1500.5327,34.5446,1516.0360862407708,28.91609112358333
193e1559317f330c,6854.701,1475.0,1488.35,1354.4993,1554.5471,1430.35,1266.2844,21.261795,1348.8914413866141,-139.45853419932337
4c44b06769d203aa,6794.489,1440.0,1485.82,889.0987,1034.4579,1237.2512,819.04474,18.673264,1095.7496982926452,-390.07024799641727
bc4894814da404e7,6821.08,1440.0,1487.67,1296.56,1920.8936,1571.4117,1472.8264,111.77241,1510.7982065185959,23.128162573283362
b26a049d58e46ee3,6800.1694,1440.0,1483.89,1640.3105,708.36786,1986.5513,1545.9697,20.273083,1884.870150519295,400.98013587085757
da45e31651551b66,6809.14,1440.0,1490.79,1473.2936,1040.3148,1341.012,1439.836,26.245062,1304.6470412396488,-186.14299782285116
38877c95f989cae9,6761.9653,1450.0,675.87,985.2871,738.0995,968.8098,861.01447,99.90434,870.961336433717,195.09134131652945
bee7cd0b2a7542bc,6761.9653,1450.0,676.2,1109.7289,1384.3889,1066.0098,882.5155,104.37608,959.383843979037,283.18383177200576
fbb94173238d0eba,6762.306,1450.0,675.93,744.7112,477.64627,854.7403,685.4735,130.22168,738.403481842555,62.47348916677379
466c1a7d20fa1f81,6761.6245,1450.0,675.76,739.25494,521.58167,754.9591,719.9476,98.78219,658.463327108945,-17.29668265667999
8911d3698cac2b69,6772.715,1450.0,675.39,677.92456,645.2327,720.441,682.53815,103.732895,621.3595803107975,-54.03043433764003
b4c3fdbd017514be,6772.8857,1450.0,675.88,673.9643,1505.3318,838.1101,686.4866,82.348434,724.1736747804813,48.29366989766879
2bcfa1677e4e2b2c,6773.74,1450.0,675.81,674.9873,633.47485,594.76434,665.466,114.69392,509.0867048545556,-166.72329270403816
1620ef8c5633f759,6773.5693,1450.0,675.78,676.6779,529.0852,692.2156,674.99066,84.5392,595.4332723331223,-80.34675696375268
acc20ed8f146e139,6773.5693,1450.0,675.96,678.9902,454.6356,699.85376,702.116,110.53706,607.2535199637852,-68.7065020088711
a231e062f1bed329,6772.8857,1450.0,675.61,675.9215,421.0342,658.87115,675.7502,129.14548,566.6581659175107,-108.9518194340518
d025250865f8993a,6773.2275,1450.0,675.39,639.0025,445.57907,636.33905,629.06805,113.410065,538.1742049269837,-137.21580972145375
b7ae287acdee140f,6772.715,1450.0,675.45,675.75165,697.21594,636.3574,676.4373,82.38625,547.2629640129122,-128.18704819411903
a7925edd20ddd14e,6772.715,1450.0,675.78,669.02875,645.6628,726.7773,675.5047,113.65714,625.5080953275964,-50.27193396927862
359ed0b082fbd7fb,6773.0566,1450.0,675.6,674.531,527.72815,663.7729,673.98303,124.169174,570.5711115007598,-105.0288640851777
2b112d22b5c6e8b1,6770.8354,1450.0,675.31,676.3028,591.8095,671.08484,675.66284,102.28956,577.2347183721953,-98.07527918639846
aeb38d2640f0c01a,6772.202,1450.0,675.73,669.27893,545.5457,677.3455,664.02704,108.19884,580.4361360613174,-95.29384440743263
45caca927a63f0cc,6772.8857,1450.0,675.93,675.58887,603.056,652.6033,674.23926,81.7999,560.9324559528326,-114.99753672294867
e99c439c2a6d2cf9,6772.8857,1450.0,675.45,675.78796,712.565,715.93994,674.9451,107.51689,616.0013791710235,-59.44863303600778
eda3c37f82207d64,6771.3477,1450.0,675.54,674.6934,558.4206,700.4819,673.6885,127.87504,602.3534574297248,-73.18652059761894
b1429117f1d3003f,6772.0312,1450.0,675.83,668.7257,855.5731,724.2634,673.0602,82.055855,622.8595476935592,-52.97046939628456
8895d12baaf02c59,6772.544,1450.0,675.74,674.28516,653.4024,716.46155,674.3183,82.86264,616.3337240538792,-59.40626618049578
e6e0a715dba74aa3,6771.3477,1450.0,675.99,677.7001,571.41156,647.8651,671.5591,105.41481,556.3095687048119,-119.68042152956309
cda54af1dc5b412f,6772.373,1450.0,676.15,670.3559,783.36694,757.3107,674.1023,111.95807,651.7220286092307,-24.427995804831767
3ff6735633f9fb51,6771.1772,1450.0,676.16,673.5509,508.61142,695.30457,655.01544,84.973114,594.2865080603673,-81.87346508416397
511a452de03e4112,6772.373,1450.0,676.27,672.1508,645.3023,681.0279,673.94165,113.388245,585.5289500260386,-90.74106950521139
b497752345978018,6773.0566,1450.0,676.18,672.03864,692.84827,715.69586,673.3703,111.989716,615.4880485522849,-60.69194412349634
c616796028b774d0,6773.0566,1450.0,676.41,674.7763,623.90137,682.02026,678.9986,85.575455,587.3582388528765,-89.05173429165472
89728e59952103b1,6773.3984,1450.0,675.76,674.9013,589.86206,673.1118,672.86365,112.21155,578.4566336703654,-97.30337609525964
14232087b91c02e0,6773.74,1450.0,675.84,675.39014,659.1884,693.56055,672.63165,106.23869,596.147973889939,-79.6920529655298
1a24cd6c1886e522,6772.202,1450.0,675.35,678.8933,485.77826,661.48346,671.1744,103.61558,568.0474708789081,-107.30250470702936
e223e7eaa130b82e,6772.544,1450.0,675.8,675.50226,680.56274,691.2531,675.7869,128.69446,594.7510117829758,-81.048976009993
4a4306ef049656e8,6772.373,1450.0,656.92,713.9718,848.69904,693.80237,665.9883,80.99201,595.0852808790653,-61.834702031090956
b993803d01e1f645,6772.202,1450.0,656.84,667.83704,691.28424,673.8456,662.47906,96.85326,577.1040482196873,-79.73597863578141
5149004952bc6fff,6770.4937,1450.0,670.13,662.9852,802.6286,691.36786,669.21265,97.7834,593.5913362106133,-76.53866867219915
af34439272bbc546,6772.0312,1450.0,670.19,670.35547,632.9253,708.7303,668.5619,98.135056,608.5256287955565,-61.664373645849764
06af1c3216d25703,6771.5186,1450.0,670.12,670.51465,580.7149,696.4225,671.1814,101.824165,598.3524424502964,-71.7675526668911
5487979006d717a4,6771.6895,1450.0,670.26,672.38983,501.62692,681.9899,676.5632,77.90729,586.8654622065026,-83.39454755912243
c14472776770b061,6771.5186,1450.0,670.02,669.6531,970.61554,666.83594,677.20306,90.08287,573.8445283159474,-96.1754912153026
45ec33f92cbcc193,6771.3477,1450.0,669.92,671.5683,1003.8841,722.5203,671.4301,80.450836,621.0354909836855,-48.88449192647079
eb1f6e282018ebe9,6771.3477,1450.0,670.26,670.1563,800.8055,639.9213,671.76294,101.73719,549.4587385536247,-120.8012712120003
c1d4382275c00807,6771.1772,1450.0,670.17,670.2322,679.744,651.2351,670.9978,93.62893,559.1249588170463,-111.04502409310999
360dc1245abe8008,6772.0312,1450.0,670.23,672.6779,729.02466,648.92426,672.7257,98.15792,557.451642657353,-112.77833781139702
c7b4cc2a6153188f,6771.8604,1450.0,670.32,674.4146,664.78235,685.4721,665.9666,115.11794,587.8560544375714,-82.46395288664735
55f387b882dd4425,6772.0312,1450.0,669.9,669.7571,670.8505,695.8597,668.9633,100.65192,597.43946775789,-72.46055665617246
664aac7118e0def4,6771.8604,1450.0,670.05,670.66113,729.691,676.99664,671.2529,93.93089,581.5175489022128,-88.532438890756
c161fc35c6dd0aef,6769.9814,1450.0,670.38,670.1978,989.79095,693.442,661.7197,110.087715,593.9551641511879,-76.42484073162461
be05e2a966b19faf,6770.6646,1450.0,670.1,670.17487,710.9423,690.3594,670.28796,89.131805,592.9226088331417,-77.17736675279582
dd10b35034c5a509,6770.4937,1450.0,669.99,670.0448,678.4657,667.02026,671.24646,88.55033,572.8635074766861,-97.1264827576889
422d149a9c303649,6769.9814,1450.0,670.21,669.7564,462.48605,701.5028,672.0219,93.84679,602.9197400521242,-67.29028192053204
0ef7ea6bfbdf482e,6769.9814,1450.0,669.93,660.27673,971.9199,653.82794,661.81757,95.42491,559.6154715313097,-110.31452114447154
820e973a8b7baa0d,6769.128,1450.0,670.16,666.2482,768.3376,685.0221,664.5355,107.19776,587.1916431827241,-82.96832996180717
cf9322771dbd6c15,6769.64,1450.0,669.89,668.3836,597.68066,675.5857,639.0287,91.57855,574.1217528882369,-95.76826176020063
7dd3db9a1021719b,6769.64,1450.0,669.9,669.73975,857.27496,683.8772,667.62946,89.577866,586.7912339348065,-83.10879047925596
79b520373e815a20,6767.762,1450.0,670.23,672.53394,921.1609,700.98065,670.30035,88.54162,602.1371224295785,-68.09285803917146
4201219724d7bffe,6770.6646,1450.0,670.15,675.8396,639.1109,658.47656,659.90826,109.93599,563.2816583440571,-106.86836607000544
71454fce3bd66472,6770.1523,1450.0,670.05,671.72565,674.5973,646.5866,659.7324,111.86672,552.9354780742023,-117.1145097187665
bcf66a3eeb8e3d4a,6770.8354,1450.0,669.97,670.04956,740.73694,629.16766,668.1285,93.088715,539.4356537443462,-130.53431695877885
802a0e5f7e0eb0e1,6770.4937,1450.0,670.09,679.55975,715.86163,691.94836,710.0686,116.06205,601.9201306236918,-68.16989623177699
e85bd7478779e7e9,6770.6646,1450.0,670.05,909.615,613.274,773.6417,915.83417,111.369194,712.1862466469863,42.13625885401757
8d5213e8ad98943a,6770.323,1450.0,669.82,670.43164,600.52277,688.7288,667.7348,94.77944,591.0193647529907,-78.80064257122808
e0974582b5be7394,6769.64,1450.0,670.2,669.11816,722.34705,609.8328,659.8338,81.211624,521.0772761537969,-149.12273605323435
5c7ca8054db0069c,6769.469,1450.0,643.17,699.59717,795.80115,825.4807,670.6616,84.4716,710.1888194326973,67.01883652254105
8b1534e320f5b916,6769.8105,1450.0,643.3,655.5308,817.91144,757.9197,629.1328,86.147934,643.6370012596049,0.3370134666361082
